{"samplerate": 16000, "noise_level": 3294.694587921992, "min_speech_volume_ratio": 0.4, "speech_level": 14034.586669839162}