{"samplerate": 16000, "noise_level": 230.88981983288318, "speech_level": 7482.096979014307, "min_speech_volume_ratio": 0.2}